output_id,output
14754a24_0,|0050055050505545005|0550545550550450550|5250554055055250505|5540000500050500055|5455550500550550500|5505000550545005055|0555502555445055000|5005555000050550050|0500000500500050505|0000500500500500550|0000550505050400050|5545555500504540505|5524000555055405555|0045000005050555555|5050050450055555005|5505505540055505055|5550555405505500550|5555000500505050500|0505550055500555555| |0050055050505545005|0250545550550450550|5550554055055550505|5540000500050500055|5455550500550550500|5505000550545005055|0555505555445055000|5005555000050550050|0500000500500050505|0000500500500500550|0000550505050400050|5545555500504540505|5224000555055405555|0045000005050555555|5050050450055555005|5505505540055505055|5550555405505500550|5555000500505050500|0505550055500555555| |0050055050505545005|0250545550550450550|5250554055055550505|5540000500050500055|5455550500550550500|5505000550545005055|0555505555445055000|5005555000050550050|0500000500500050505|0000500500500500550|0000550505050400050|5545555500504540505|5224000555055405555|0045000005050555555|5050050450055555005|5505505540055505055|5550555405505500550|5555000500505050500|0505550055500555555|
2037f2c7_0,|00|00| |00|00| |00|00|
00dbd492_0,|00000003333222223333|02222222223233323333|02800003323232323333|02800003323233323333|02800033323222223333|02800203323333333330|02800000323333333330|02800000023332222230|02888003323032303230|02222222220002023200|00000000000002333200|00000803333302222200|00000222222200000000|00000200000200000000|00000200800200000000|00000200200200000000|00000200000200000000|00000203333200000000|00000222222200000000|00000000000000000000| |00000003333222223333|02222222223233323333|02000003323232323333|02000003323233323333|02000003323222223333|02000200323333333333|02000000323333333330|02800003323332222230|02888003323332333230|02222222220002323200|00000000000032333200|00000003333002222200|00000222222200000000|00000200000200000000|00000200000200000000|00000200200200000000|00000200000200000000|00000203333200000000|00000222222200000000|00000000000000000000| |00888003333222223333|02222222223233323333|02000003323232323333|02000003323233323333|02000003323222223333|02000203323333333333|02000003323333333333|02000003323332222233|02884003323332333200|02222222220002023200|00000000000002333200|00000000000002222200|00000222222200000000|00000200000200000000|00000200000200000000|00000200200200000000|00000240000200000000|00000244444200000000|00000222222200000000|00000000000000000000|
19bb5feb_0,|00|00| |00|00| |00|00|
292dd178_0,|888288848884888|882288821111888|812118821882888|812218821221882|812218821111222|811118828822222|888288811112222|882288812212222|882288212212222|882288412112222|888488882884444| |888288848888884|882288881111884|812118881888888|812218221821884|812218481111222|811118888822222|882888811112222|882288812212222|882288212212222|884888412112222|884888842444444| |888888888888888|888288841111888|812114441288888|812212221281888|812214421111222|811112422222222|888888811112222|888888812212222|888888212212222|888888412112222|888884442444444|
18419cfa_0,|00000000000000000000000000|00000000000000000000888000|00000000000000000888808888|00088888888800000800000008|00080000000800000800000008|00880022200880000800000008|00800220200080000800000008|00880020200880000800020008|00080000000800000800222208|00088888888800000802222208|00000000000000000802222208|00000000000000000888828888|00000000000000000000888000|00000000000000000000000000|00000000008880000000000000|00000088888088888000000000|00000080000000008000000000|00020080020002008000000000|00220080002220008000000000|00220080020002008000000000|00000080000000008000000000|00000080000000008000000000|00000080000000008000000000|00000080000000008000000000|00000088888088888000000000|00000000008880000000000000|00000000000000000000000000|00000000000000000000000000| |00000000000000000000000000|00000000000000000000888000|00000000000000000888808888|00088888888800000800000008|00080000000800000802000008|00880020020880000800000008|00800222220080000800000008|00880020020880000800020008|00080000000800000800222208|00088888888800000802000208|00000000000000000800000008|00000000000000000888808888|00000000220000020200888000|00000000000000000000000000|00000000008880200020000000|00000088888088888020000000|00000080000000008000000000|00000080020002008000000000|00000080002220008000000000|00000080020002008000000000|00000080000000008000000000|00000080002222208000000000|00000080000200208000000000|00000080000000008000000000|00000088888088888000000000|00000000008880000000000000|00000000000000000000000000|00000000000000000000000000| |00000000000000000000000000|00000000000000000000888000|00000000000000000888808888|00088888888800000800000008|00080000000800000800000008|00880020020880000800020008|00800222220080000800000008|00880020020880000800020208|00080000000800000800222008|00088888888800000802000208|00000000000000000800000008|00000000000000000888808888|00000020200000020000888000|00000000000000000000000000|00000000008880000000200000|00000088888088888000200000|00000080000000008000000000|00000080022002008000000000|00000080002220008000000000|00000080020002008000000000|00000080000200208000000000|00000080002220008000000000|00000080000200208000000000|00000080000000008000000000|00000088888088888000000000|00000000008880000000000000|00000000000000000000000000|00000000000000000000000000|
103eff5b_0,|00000000000000000000000000|00000000000000000000000000|00000000000000000000000000|00224400000000000000000000|00244400000000000000000000|00224400000000000000000000|00224400000000000000004000|00000044444444000000004100|00000044444444000000030100|00000044444444000000000000|00000044444444000000000000|00224444440000000000000000|00224444440000000000000000|00222333330000000000000000|00223333330000000000000000|00000000000000000000000000| |00000000000000000000000000|00000000000000000000000000|00000000000000000000000000|00244400000000000000000000|00244400000000000000000000|00224400000000000000000000|00224300000000000000004000|00000033322222000000004100|00000033322244000000020200|00000033322244000000000000|00000022233333000000000000|00222224430000000000000000|00222222430000000000000000|00222222430000000000000000|00222333330000000000000000|00000000000000000000000000| |00000000000000000000000000|00000000000000000000000000|00000000000000000000000000|00223400000000000000000000|00224400000000000000000000|00224400000000000000000000|00224300000000000000004000|00000033322444000000004100|00000033322444000000020100|00000033322444000000000000|00000022233333000000000000|00222224410000000000000000|00222224410000000000000000|00222224410000000000000000|00222111110000000000000000|00000000000000000000000000|
2753e76c_0,|00|00| |00|00| |00|00|
351d6448_0,|00|00| |00|00| |00|00|
20981f0e_0,|0000000000000|0020000200002|0000000000000|0000000000000|0000100001100|0000010000000|0020000200002|0000000000000|0000100000110|0000110000000|0000010000000|0020000200002|0000010000100|0000010001000|0011010000000|0000000000000|0020000200002| |0000000000000|0020000200002|0000000000000|0000100001100|0000110001000|0000000000000|0020000200002|0000000000000|0000000000100|0000110000100|0000000000000|0020000200002|0000000000000|0000110001100|0000110001000|0000000000000|0020000200002| |0000000000000|0020000200002|0000000000000|0000100001100|0000110001100|0000000000000|0020000200002|0000000000000|0000100000100|0000110001000|0000000000000|0020000200002|0000000000000|0000110001100|0000110001000|0000000000000|0020000200002|
03560426_0,|4080000000|4080000000|0200000000|0202000000|0002020000|0001020000|0002000000|0000000000|0000000000|0000000000| |8040000000|8040000000|0290000000|0209000000|0001000000|0001020000|0001300000|0000330000|0000000000|0000000000| |8080000000|7000000000|7062300000|0002000000|0002200000|0000200000|0001000000|0003000000|0000000000|0000000000|
195ba7dc_0,|00|00| |00|00| |00|00|
09c534e7_0,|000000000000000000000000000000|000000001111100000000001111110|001111001444100111111001232210|001331111444111122221111232210|001331001232100122221001232210|001111001332100111111001232210|000000001111100000100001111110|000000000010000011110000001000|000011110111000012210000111100|000013211131000011110000132100|000011110131000000000000132100|000001000111000000000000111100|000011100000000000000000000000|000013100000000111110000000000|000011100000000183210111100000|000000000111000888211122100000|000000000131000122210111100000|000000000111000111110000000000|000000000010000010000000000000|000000000111111111111000000000|011101110132333222331000011110|012111310132333222331000016610|011101311132333222331000016610|000001110133333333331000013310|000000000133333333331000011110|000000000111111111111000000100|001111000000000000000000011110|001331001111000111100000013310|001331111331111133111111113310|001111001111000111100000011110| |000000000000000000000000000000|000000001111100000000001111110|001111001332100111111001222210|001331111343111122221111222210|001221001223100122221001222210|001111001333100111111001222210|000000001111100000100001111110|000000000010000011110000001000|000011110111000012310000111100|000012311131000011110000123100|000011110131000000000000122100|000001000111000000000000111100|000011100000000000000000000000|000013100000000111110000000000|000011100000000182210111100000|000000000111000182211132100000|000000000121000122210111100000|000000000111000111110000000000|000000000010000010000000000000|000000000111111111111000000000|011101110133232333331000011110|013111310133333233331000013310|011101311132333222331000013310|000001110133333333331000013310|000000000133333333331000011110|000000000111111111111000000100|001111000000000000000000011110|001331001111000111100000013310|001331111331111133111111113310|001111001111000111100000011110| |000000000000000000000000000000|000000001111100000000001111110|001111001334100111111001222210|001331111342111122221111222210|001221001222100122221001222210|001111001222100111111001222210|000000001111100000100001111110|000000000010000011110000001000|000011110111000012210000111100|000012311131000011110000122100|000011110121000000000000122100|000001000111000000000000111100|000011100000000000000000000000|000012100000000111110000000000|000011100000000188210111100000|000000000111000128211122100000|000000000121000122210111100000|000000000111000111110000000000|000000000010000010000000000000|000000000111111111111000000000|011101110133332233331000011110|013111310133332233331000016610|011101311133332323331000013310|000001110133333333331000013310|000000000133333333331000011110|000000000111111111111000000100|001111000000000000000000011110|001331001111000111100000013310|001331111331111133111111113310|001111001111000111100000011110|
27a77e38_0,|912849821|443127679|216978436|986342917|555555555|000000000|000100010|000100010|000100010| |912849821|443127679|216978436|986342917|555555555|000000000|000000000|000100010|000100010| |912849821|443127679|216978436|986342917|555555555|000090000|000000000|000006000|000000000|
17b80ad2_0,|00012309140103808|00310044100106800|00010006100301800|00080001800206600|00060001800196600|00060006601166607|00090806601306600|00097031130407600|00420006600706600|00030019600703120|00050005500503100|04050001600503600|00010001509505500|00010003500401100|00010500500591506|00010504500501500|00010505500505500| |00012309140103808|00310046100101100|00010006600106600|00060006800208900|00060006800391200|00060001601368607|00030801601308600|00017038630708600|00430008600703600|00060011600704620|00060001600104600|04050003600108600|00050003609904600|00010003600408600|00010506600596600|00050505500505500|00050505500505500| |00082309840103908|00340044800106900|00040004800106900|00070001800106600|00070008800796600|00070008401766607|00020808601306600|00037031630706600|00420001600706600|00030014100706620|00030004100106600|04050001400706600|00050001409206600|00050004400206600|00010506600596600|00050505500505500|00050505500505500|
0c9aba6e_0,|00|00| |00|00| |00|00|
281123b4_0,|00|00| |00|00| |00|00|
12422b43_0,|5044400|5008000|5006000|0022000|0022000|0007000|0077000|0007000|0077000|0077100| |5044400|5008000|5006000|0022000|0012000|0048000|0007000|0001000|0011000|0071000| |5044400|5008000|5006000|0022000|0001000|0004000|0008000|0001000|0011000|0077000|
137f0df0_0,|1222222221|0552255255|0552255255|1222222221|0552255255|0552255255|1222222221|0552255255|0552155255|0000100000| |1222222222|0552255255|0552255255|1222222212|0552255255|0552255255|1222222212|0552255255|0550255255|0001100100| |1222222222|0552255255|0552255255|1222222212|0552255255|0552255255|1222222212|0552255255|0550255255|0001100100|
310f3251_0,|00|00| |00|00| |00|00|
140c817e_0,|88181881888881|88181831388881|11111112111111|88181831388881|83131881888881|11211111111111|83131881888881|88181881888881|88181881888881|88181881888881|88131381888881|11112111111111|88131381888831|11111111111112| |88181881883831|88181831388881|11111112111111|88181881888881|83131881888881|11211111111111|88131881888881|88181881888881|88181881888881|88181881888881|88131381888881|11112111111111|88181881888881|11111111111112| |88181881883331|88181831383881|11111112111111|88181881883881|83131881888881|11211111111111|88181881888881|88181881888881|88181881888881|88181881888881|88181381888881|11112111111111|88181881888881|11111111111112|
3d31c5b3_0,|00|00| |00|00| |00|00|
2546ccf6_0,|00000800000800000800000|00000833300800000800000|00237833200800000800000|00222822200800000800000|00020802000800000800000|88888888888888888888888|00320800000800000800000|00222801100800000800000|00200801100800110800000|00000801100800101800000|00000800000800010800000|88888888888888888888888|00000800000800010801000|00770807700800101810100|00000800000800110801100|00444844400800000800000|00040804600800000800000|88888888888888888888888|00000804000800000800000|00770844400800000800000|00000800000800000800000|00700800000800000800000|00000800000800000800000|88888888888888888888888|00000800000800000800000|00000800000800000800000| |00000800000800000800000|00112810200800000800000|00211817202800000800000|00222822200800000800000|00222802000800000800000|88888888888888888888888|00120800000800000800000|00222800000880001800100|00200800000800110800000|00000800000800101800000|00000800000800010800000|88888888888888888888888|00000800000800010801000|00000800000800101810100|00000800000800110801100|00444844400800001800100|00040804000800000800000|88888888888888888888888|00000804000800000800000|00000844404880001800100|00000808000800000800000|00000814800800000800000|00000800000800000800000|88888888888888888888888|00000800000800000800000|00001811800800000800000| |00100800000800000800001|00000800001800001800001|00201811200801000800000|00222822200800000800000|00221802000800000800000|88888888888888888888888|00120800000800000800000|00222800000800000800000|00210800000800110800000|00000800000800101800000|00000800000800010800000|88888888888888888888888|00000800000800010801000|00000800000800101810100|00000800000800110801100|00444844400800000800008|00040804000800000801000|88888888888888888888888|00000804000800000800000|00000844400800000800000|00400800000800000800000|00000800008800000800000|00000800000800000800000|88888888888888888888888|00000800000800000800000|00000800000800000800000|
0c786b71_0,|00|00| |00|00| |00|00|
1e81d6f9_0,|000500000000000|020500001000000|000500000080007|555500600000000|000000000000620|000000900000000|000108700000000|000070072000000|000004100066000|000000008000000|000000000009000|000000009000000|000000000000020|000100000000000|000090000007000| |000500000000000|020500001000000|000500000080007|555500600000000|000000000400620|000000900030000|000108700000000|000070070000000|000004100066000|000000008000000|000000000009000|000000009000000|000000000400000|000100000000000|000090000007000| |000500000000000|020500001000000|000503000080007|555500600000000|000000000400620|000000900000000|000108700000000|000070070000000|000004100066000|000000008000000|000000000009000|000000009000000|000000000400000|000100000000000|000090000007000|
31d5ba1a_0,|00|00| |00|00| |00|00|
31d5ba1a_1,|00|00| |00|00| |00|00|
009d5c81_0,|00000000000000|00000222222277|00000200020207|00000207020007|00000277723377|00000000000000|00000000000000|00000000000000|00000000000000|00000000000000|00000000000000|00000000000000|00000000000000|00000000000000| |00000000000000|00000272222277|00000200020207|00000202020007|00000277227777|00000000000000|00000000000000|00000000000000|00000000000000|00000000000000|00000000000000|00000000000000|00000000000000|00000000000000| |00000000000000|00000222222277|00000300020207|00000203020007|00000277722777|00000000000000|00000000000000|00000000000000|00000000000000|00000000000000|00000000000000|00000000000000|00000000000000|00000000000000|
11e1fe23_0,|00000000000000|00000000000000|00030000000800|00000200000000|00000000000000|00000000000000|00000000000000|00008000000000|00000000000000|00000000000000|00090000000000|00000000000000| |00000000080000|00000000000000|00030000000800|00000000000000|00000200080000|00000000000000|00000000000000|00000050000000|00000900000000|00000000000000|00090000000000|00000000000000| |00000000000000|00000000000000|00030000000800|00000000000000|00000002000000|00000000000000|00000002000000|00000050000000|00000000000000|00000000000000|00090000000000|00000000000000|
0a1d4ef5_0,|00|00| |00|00| |00|00|
13713586_0,|555555555555555555|000000000000000000|000000000000000000|000000011111101110|000000111111101110|000004414411108880|110884444444404440|444414444444404440|444448444444404440|888844444444404440|888844444444404440|888844443334303440|888894433334303440|888826433334303440|888844433334303440|883333433334304440|882222433334303440|888844433334303440|888844433334303440| |555555555555555555|000000000000000000|000000000004404440|000000011111101110|000000111111101110|000001111111108880|111111111111103440|444422244444303440|444411744444303440|444441774944303440|444428244444404440|288888443334303440|888884433334303440|888874433334303440|888894433334303440|283333433334304440|882222433334303440|882224433334303440|882224433334303440| |555555555555555555|000000000000000000|000000000000000000|000011111111101110|000011111111101110|000011111111108880|111111111111103110|444411111111303110|444411111114303110|444449767434303110|444422629334303110|444417893334303110|444422233334303110|887764433334303110|888669433334303110|884433433334303110|892222433334303110|882224433334303110|882224433334303110|
40f6cd08_0,|000000000000000000000000000000|001122844482211000000000000000|001122844482211000000000000000|001122844482211000111111111110|001122844482211000111111111110|001122844482211000111111111110|001122844482211000111111111110|001122844482211000111111111110|001122844482211000111111111110|001122844482211000111111111110|001122844482211000111111111110|000000000000000000146423611110|000000000000000000188888911110|000000000000000000123272411110|001111111111111100111111111110|001111111111111100111111111110|001111111111111100111111111110|001111111111111100111111111110|001111111111111100000000000000|001111111111111100000000000000|001111111111111100000000000000|001111111111111100000000000000|006666654273396600000000000000|008888888888888800000000000000|008888888888888800000000000000|006344499522769400000000000000|000000000000000000000000000000|000000000000000000000000000000|000000000000000000000000000000|000000000000000000000000000000| |000000000000000000000000000000|001122844482211000000000000000|001122844482211000000000000000|001122844482211000111111111110|001122844482211000111111111110|001122844482211000111111111110|001122844482211000111888981110|001122844482211000111457541110|001122844482211000111776771110|001122844482211000111776771110|001122844482211000111227941110|000000000000000000175374531110|000000000000000000888888981110|000000000000000000669479661110|001111111111111100111255751110|001111111111111100111111111110|001111111111111100111111111110|001116799554611100111111111110|008888888888811100000000000000|008888888888811100000000000000|001118888888811100000000000000|001118888888811100000000000000|001376667559911100000000000000|001111111111111100000000000000|001111111111111100000000000000|001111111111111100000000000000|000000000000000000000000000000|000000000000000000000000000000|000000000000000000000000000000|000000000000000000000000000000| |000000000000000000000000000000|001122844482211000000000000000|001122844482211000000000000000|001122844482211000111111111110|001122844482211000111111111110|001122844482211000111111111110|001122844482211000188888811110|001122844482211000111111111110|001122844482211000188888811110|001122844482211000188888811110|001122844482211000188888811110|000000000000000000137223691110|000000000000000000188888871110|000000000000000000195253351110|001111111111111100188888311110|001111111111111100111111111110|001111111111111100111111111110|001111111111111100111111111110|001111111111111100000000000000|001111111111111100000000000000|001111111111111100000000000000|001111111111111100000000000000|009479567762211100000000000000|001111111111111100000000000000|001111111111111100000000000000|001111111111111100000000000000|000000000000000000000000000000|000000000000000000000000000000|000000000000000000000000000000|000000000000000000000000000000|
12eac192_0,|03033303|33000110|07700005|33040100|03043303|07007003|30300033|00330303| |03033303|33000310|07700005|33040300|03044403|03007003|30300037|00330307| |03033303|33000310|07700005|33030300|03033303|07007007|30300037|00220307|
0b17323b_0,|100000000000000|000000000000000|000000000000000|000100000000000|000000000000000|000000000000000|000000100000000|000000020000000|000000000000000|000000000200000|000000000000000|000000000000000|000000000000200|000000000000020|000000000000000| |100000000000000|000000000000000|000000000000000|000100000000000|000000000000000|000000000000000|000000100000000|000000000000000|000000000000000|000000000000000|000000000000000|000000000002000|000000000000000|000000000000020|000000000000000| |100000000000000|000000000000000|000000000000000|000100000000000|000020000000000|000000000000000|000000100000000|000000020000000|000000000000000|000000000000000|000000000020000|000000000002000|000000000000000|000000000000020|000000000000000|
3a301edc_0,|525522522210000000000|725823822520000000000|726756929540000000000|232225422280000000000|222225222580000000000|222262222244000000000|592213333331000000000|552253888835000000000|927223888839000000000|572223888837000000000|522323888839000000000|922223333330000000000|592812161140000000000|000000000000000000000|000000000000000000000|000000000000000000000|000000000000000000000|000000000000000000000|000000000000000000000|000000000000000000000|000000000000000000000| |000000000000000000000|000000000000000000000|000000000000000000000|008000006660000000000|006779122110000000000|001983183880000000000|006533333330070000000|001183888830020000000|001113888830020000000|006333888830000000000|009383888830000000000|005183333330000000000|007388113730000000000|009183118880000000000|006000000050000000000|000000000000000000000|000000000000000000000|000000000000000000000|000000000000000000000|000000000000000000000|000000000000000000000| |111221111111111110000|333333333333333010000|388888888888880010000|388888888880000010000|388888888880000010000|388883888830000010000|388883333330000010000|388833888838880010000|388883888830880010000|388883888830880010000|388883888830000010000|333333333330000010000|388888888888880010000|388888888888880010000|388888888888880010000|388888888888880010000|333333333333333010000|111111111111111110000|000000000000000000000|000000000000000000000|000000000000000000000|
22a4bbc2_0,|2220|0222|0880|1111|8880|2220|0111|0880|0880|2222|2222|8888|1100|0288|1110|8888|0110|0110|8888|8888|0112|0112| |2220|0222|0880|2222|2880|2220|0111|0880|0880|1111|2222|8888|1100|0888|1110|8888|0210|0210|2222|8888|0212|0212| |2220|0222|0880|2222|2820|8880|0111|0880|0220|1111|2222|8888|1100|0822|1110|2288|0210|0210|8888|8888|0111|0111|
29700607_0,|00048500000|00048500000|00011900000|00019800000|00011100000|00009000000|00009000000|40000191991|00001000000|00001199155|00000000000| |00048500000|00048500000|00048500000|00048500000|00009000000|00009000000|00009000000|40000991111|00009000000|00009115555|00000000000| |00048500000|00048500000|00048500000|00048500000|00011100000|00008400000|00009400000|40000400000|00000000000|00000500005|00000000000|
3194b014_0,|00|00| |00|00| |00|00|
414297c0_0,|00|00| |00|00| |00|00|
1d398264_0,|090090020000|006010200000|000611000000|222671222222|000331000000|002010100000|020010010000|200010001000|000010000100|000010000010|000010000001|000010000000| |060030000000|006070020000|002611009900|222671222222|000331000009|002013300000|020010010000|200010001000|000010000100|000010000010|000010000001|000010000000| |000030000000|006070000000|000611000000|222671222222|000311000000|000010600000|000010030000|000010006010|000010003110|000010000010|000010000006|000010000000|
1d398264_1,|0000900000000000|0040100000000000|2224155999999799|2222952222222222|0004110000000000|9000109000000000|0000100600000000|0000100040000000|0000100009000000|0000100000600000|0000100000090000|0000100000004000|0000100000000900|0000100000000049|0000100000000000|0000100000000000| |0400100200000000|0040902000900000|0004150059999999|2002950022222222|0004110000099999|0020101050000000|0000400150000000|2000100010000000|0000100004000000|0000100000900000|0000100000090000|0000100000004000|0000100000000900|0000100000000090|0000100000000000|0000100000000000| |0400100200000000|0020902000000000|2224154555599999|2222952222222222|0004510000000000|0020501000000000|0200100300000000|2000500000500000|2000500009500000|0000100040000000|0000100000000000|0000100000004000|0000100000000400|0000100000000040|0000100000000009|0000100000000000|
0e671a1a_0,|0000000000000|0000000000000|0055555555400|0500000500500|0000000500500|0255555555500|0500000500000|0500000500000|0000000000000|0000000000000|0000000000000|0000000300000|0000000000000| |0000000000000|0000000000000|0055555555400|0000000500500|0000000500500|0255555555500|0000000500000|0000000500000|0000000000000|0500000500000|0000000500000|0000000300000|0000000000000| |0000000000000|0000000000000|0055555555400|0000000500500|0000000500500|0255555555500|0000000000000|0000000500000|0000000500000|0000000500000|0000000500000|0000000300000|0000000000000|
15696249_0,|00|00| |00|00| |00|00|
3391f8c0_0,|00000000000000|06040000300000|00670009100000|02000000200000|00000000000000|04000000000000|00272006900000|00007000700000|00000000000000|00000000000000|00000000000000| |00000000000000|05010000100000|00666006350000|05000000500000|00000000000000|06050000500000|00151006550000|00005000100000|00000000000000|00000000000000|00000000000000| |00000000000000|06060000100000|00666005550000|05000000600000|00000000000000|06050000100000|00555006510000|00001000100000|00000000000000|00000000000000|00000000000000|
1c56ad9f_0,|000000000000000|000077777770000|000000700700000|000070070070000|000707000007000|000070070070000|000000007000000|000070070070000|000700700707000|000070070070000|000000700700000|000070070070000|000700700700000|000077777770000|000000000000000| |000000000000000|000077777770000|000700700700000|000070070070000|000007007007000|000070070070000|000000000000000|000070070070000|000700700700000|000070070070000|000007007007000|000070070070000|000700700700000|000077777770000|000000000000000| |000000000000000|000077777770000|000700700700000|000070070070000|000007007007000|000070070070000|000700700000000|000070070070000|000700700700000|000070070070000|000007007007000|000070070070000|000700700700000|000077777770000|000000000000000|
2a5f8217_0,|0000008800000|0030088808800|0224008088800|0000000008000|0000009000000|0040029900000|0440009000020|0040000000222|0000009000000|0000079000060|0030009000666|8030000000060|8000000000000| |0000008800000|0030088803800|0332008033800|0000000003000|0000002000000|0040032200000|0440002000020|0040000000222|0000002000000|0000042000060|0030002000666|8030000000060|8000000000000| |0000008800000|0020088802200|0884008022200|0000000002000|0000002000000|0040022800000|0440002000020|0040000000222|0000002000000|0000022000060|0020002000666|8020000000060|8000000000000|
1a2e2828_0,|00|00| |00|00| |00|00|
358ba94e_0,|00|00| |00|00| |00|00|
25094a63_0,|683338183881631231113122682386|166481336388211368831418238882|883631683863128182134411111836|131281822213183631134444441263|812384844484444813811444418368|613184444444444441316114416283|333383844444444413416288888813|331321444444444481132632188828|183283844444444868882831336131|812316444444444838661383328881|334128444444844838181862811163|611216832281638263213361286222|132812881322223338321166383316|812631328133818366831814323363|881328112121841333488344186113|683281341311838833363441363286|381182332816166863183888116331|881236331883368181223834826861|318233633634431181318281121338|888128831133336333433138288128|683812838318331344443824483311|816312884138238344444383833131|212218631388822344444881311326|113663228263862344444314338333|136183213313838344444383833812|883882222886834444333221618686|331418833328233343688228112188|663336338888136833811161262638|128321334313866181621633383818|862638288341611218121318363338| |683338183881631231113122682386|166881336388211368831218238882|883431483843128182134111111836|131281822213183631131111111263|812384444444444813811111118368|613184444444444811316111116283|333383444444444813116288888813|331321444444444481134632188828|183283444444444468882831336131|812316444444444438661383328881|331128444444444838181862811163|611216832281638263213361286222|132812881322223338321166484316|812631328133818366831814423363|881328112121811333888344186113|683281311311838833363341364286|381182332816166863183888116331|881236331883368181223838826861|318233633631131181318281121338|888128831133336333333138288128|683812838318331333333828883311|816312881138238333333383833131|212218631388822333333881311326|413663228263862333333314338333|136183213313838333333383833812|883882222886833333333221618686|331418833328233333688228112188|663336338888136833811161262638|128321333313866181621633383818|862638288341611218121318363338| |683338183881631231113122682386|166881336388211368831218238882|883631483843128182134111111836|131281822213183631131111111263|812384444444444813811111118368|613184444444444811316111146283|333383444444444813116288888813|331321444444444481132632188828|183283444444444468882831336131|812316444444444438661383328881|331128444444444838181862811163|614216832281638263213361286222|132812881322223338321166383316|812631328133818366831813423363|881328112121811333888344186113|683281311344838833363341363286|381182332816166863183888116331|881236331883368181223838826861|318233633631131181318281121338|888128831133336333333138288128|683812838318331333333828883311|816312881138238333333383833131|212218631388822333333881311326|413663228263862333333311338333|436183213313838333333383833812|883882222886833333333221618686|331118833328233333688228112188|663336338888136833811161262638|128321333313866181621633383818|862638288311611218121318363338|
0692e18c_0,|00|00| |00|00| |00|00|
0f63c0b9_0,|222222223222222|200000000000002|368883636333666|600000000000006|222222222222222|200000000000002|200000000000002|200000000000002|200000000000002|777777777711177|800000000000007|800000000000007|888888883338888|700000000000008|877778777897778| |888888833322222|800000000000002|888888811133336|800000000000006|222222222222222|200000000000002|200000000000002|200000000000002|200000000000002|981111111111111|700000000000001|700000000000001|111111333333311|700000000000007|777779133333378| |888111111221222|800000000000002|888888888141333|800000000000003|222222222222222|200000000000002|200000000000002|200000000000002|200000000000002|111111111111111|800000000000001|100000000000001|111133333333333|800000000000001|888811111111111|
27f8ce4f_0,|00|00| |00|00| |00|00|
05a7bcf2_0,|000000000020000000080000000000|000044444888888888888888888882|000044444888888888888888888882|000044444888888888888888888882|000000000022200000080000000000|000000000022000000080000000000|000000000022222000080000000000|000000000022220000080000000000|000000000020000000080000000000|000000000020000000080000000000|000444444888888888888888888822|000444444888888888888888888822|000444444888888888888888888222|000444444888888888888888888822|000444444888888888888888888822|000044444888888888888888888822|000000000020000000080000000000|000000000022000000080000000000|000000000020000000080000000000|000000000022000000080000000000|000044444888888888888888888222|000044444888888888888888888222|000004444888888888888888888222|000004444888888888888888888822|000000000022220000080000000000|000000000022000000080000000000|000004444888888888888888888822|000004444888888888888888888822|000000000022200000080000000000|000000000020000000080000000000| |000000000020000000080000000000|000044444888888888888888888882|000044444888888888888888888882|000444444888888888888888888882|000000000022200000080000000000|000000000022000000080000000000|000000000022222000080000000000|000000000022220000080000000000|000000000020000000080000000000|000000000020000000080000000000|000444444888888888888888888822|000444444888888888888888888822|000444444888888888888888888222|000444444888888888888888888822|000444444888888888888888888822|000044444888888888888888888822|000000000020000000080000000000|000000000022000000080000000000|000000000020000000080000000000|000000000022000000080000000000|000044444888888888888888888222|000044444888888888888888888222|000004444888888888888888888222|000004444888888888888888888222|000000000022220000080000000000|000000000022000000080000000000|000004444888888888888888888822|000004444888888888888888888822|000000000022200000080000000000|000000000020000000080000000000| |000000000020000000080000000000|000044444888888888888888888882|000044444888888888888888888882|000444444888888888888888888882|000000000022200000080000000000|000000000022000000080000000000|000000000022222000080000000000|000000000022220000080000000000|000000000020000000080000000000|000000000020000000080000000000|000444444888888888888888888822|000444444888888888888888888822|000444444888888888888888888222|000444444888888888888888888822|000444444888888888888888888222|000044444888888888888888888822|000000000020000000080000000000|000000000022000000080000000000|000000000020000000080000000000|000000000022000000080000000000|000044444888888888888888888222|000044444888888888888888888222|000004444888888888888888888222|000004444888888888888888888222|000000000022220000080000000000|000000000022000000080000000000|000004444888888888888888888822|000004444888888888888888888822|000000000022200000080000000000|000000000020000000080000000000|
0934a4d8_0,|00|00| |00|00| |00|00|
070dd51e_0,|00000000000000000000|00030000000000000000|00000000350000000000|02000000000000032000|00000000000000000000|00000000000000000000|00000000000000000000|00000007300037000000|00000000000000000000|00083880050000000000|00000000000000000000|00000000000000000000|00000000000000000000|00000000000008808000|00088880800000808000|00000000000000808000|00000000000000008000|00000000000000008000|00030000000000000000|00000000000000000000| |00000000000000000000|00030000000000000000|00000003350000000000|02023330000003032000|00000000000000000000|00000000000000000000|00000000000000000000|00010007003307000000|00000000000000000000|00010003350000000000|00000000000000000000|00000000000000000000|00000000000000000000|00000000000000000000|00000800800000800000|00000000000000800000|00000000000000000000|00000000000000000000|00030300000000000000|00000000000000000000| |00000000000000000000|00030000000000000000|00000003350000000000|02023330000000332000|00010000000000000000|00000020000000000000|00010000000000000000|00010027033307000000|00000020000000000000|00000020050000000000|00000000000000000000|00000000000000000000|00000000000000000000|00000000000000000000|00000000800000800000|00000000000000000000|00000000000000000000|00000000000000000000|00030000000000000000|00000000000000000000|
20818e16_0,|00|00| |00|00| |00|00|
2685904e_0,|8800000000|0000000000|0000000000|0000000000|0000000000|0000000000|5555555555|0000000000|2364624439|0000000000| |8800000000|0000000000|0000000000|0000000000|0000000000|0004000000|5555555555|0000000000|2364624439|0000000000| |8800000000|0000000000|0000000000|0000000000|4004000000|4004000000|5555555555|0000000000|2364624439|0000000000|
3490cc26_0,|00000000000000000000000|00000000000000000000000|00000000000000000000000|00002277777880000008800|00002277707880000008800|00000700000700000000000|08800077777770000000000|08800077777770000000000|00000078877880000000000|00000078807880000000000|00000000000777000000000|00000000000777000000000|00007000000777088000000|00007000000777788000000|00008808800777770000000|00008808800777777000000|00007000000077777008800|00007000000007777008800|00007000000007777000000|00008800000008877000000|00008877777778877000000|00000707000000077000000| |00000000000000000000000|00000000000000000000000|00000000000000000000000|00002200077880000708800|00002200077880000008800|00000000000770000000000|08800000000770000000000|08800000000770000000000|00000008877880000000000|00000008877880000000000|00000000000770000000000|00000007700770000000000|00000007700700088000000|00000000000000088000000|00008808800000077000000|00008808800000077000000|00007700000007770008800|00007700000007700008800|00007700000007700000000|00008877000008800000000|00008877000778800000000|00000000000000000000000| |00000000000000000000000|00000000000000000000000|00000000000000000000000|00002207777880000008800|00002207777880000008800|00000000000770000000000|08800000000770000000000|08800000000770000000000|00000008877880000000000|00000008877880000000000|00000007700000000000000|00000007700770000000000|00000007700000088000000|00000007700000088000000|00008808800000777000000|00008808800007777000000|00007700000007700008800|00007700000007700008800|00007700000007700000000|00008870000008800000000|00008870000008800000000|00000000000000000000000|
15113be4_0,|30641004011401044444444|10040004001411140000774|01040004000481040000774|44444444444444447777774|00040004818400047777774|01041004081401147700004|10041014100401047700004|44444444444444444444444|10040014110411040014110|10041114000411041014100|00041004110410141004100|44444444444444444444444|10140004101411040004001|10040004001411141104000|01140104101400141004100|44444444444444444444444|00041104100400041004010|00140104100410041104100|11040004100410140004010|44444444444444444444444|01140014101401041104010|00041114111401141014110|00041014111400041004010| |30641004011401044444444|10040004001417140000774|06040004000417040000774|44444444444444447777774|00040004111400047777774|01041004011401147700004|10041014100401047700004|44444444444444444444444|10040014110411040014110|10041114000411041014100|00041004110410141004100|44444444444444444444444|10140004101411040004001|10040004001411141104000|01140104101400141004100|44444444444444444444444|00041104100400041004010|00140104100410041104100|11040004100410140004010|44444444444444444444444|01140014101401041104010|00041114111401141014110|00041014111400041004010| |30641004011401044444444|10040004001411140000774|06040004000411040000774|44444444444444447777774|00040004111400047777774|01041004011401147700004|10041014100401047700004|44444444444444444444444|10040014110411040014110|10041114000411041014100|00041004110410141004100|44444444444444444444444|10140004101411040004001|10040004001411141104000|01140104101400141004100|44444444444444444444444|00041104100400041004010|00140104100410041104100|11040004100410140004010|44444444444444444444444|01140014101401041104010|00041114111401141014110|00041014111400041004010|
12997ef3_0,|00|00| |00|00| |00|00|
12997ef3_1,|00|00| |00|00| |00|00|
3f23242b_0,|0000000000000000000|0000000000000000000|0000000005555500000|0000000002222200000|0000000000000200000|0000000002000200000|2222222228888822222|0000000000050000000|0555050000030000000|0200020000000000000|0200020000000000000|0200020000000000000|2888882222222222222|0000000000000000000|0000000000000000000|0000000000000000000|0000000000000000000| |0000000000000000000|0000000000000000000|0000000000000000000|0000000000000000000|0020000000000000000|0000000000000000000|2222222228888822222|0000000002050200000|0000000002030200000|0000000002000200000|0000000000000000000|0000000000000000000|2228882222222222222|0000000000000000000|0000200020000000000|0000000000000000000|0000000000000000000| |0000000000000000000|0000000000000000000|0000000000000000000|0000000000000000000|0000000000000000000|0000000000000000000|2222222222222222222|0000000002050200000|0000000002030200000|0000000002000200000|0000000000000000000|0000000000000000000|2222222222222222222|0000000000000000000|0000000000000000000|0000000000000000000|0000000000000000000|
1d0a4b61_0,|1111111111111111111111111|1281551821281551821281551|1521881251521881251521881|1111111111111111111111111|1851221581851221581851221|1851221581851221581851221|1111111111111111111111111|1521881251521881251521881|1281551221281551821281551|1111111111111111111111111|1281551521281551821281551|1521881221521881251521881|1111111111111111111111111|1851221221221221581851221|1851221551851221581851551|1111111111111111111111111|1521881251551551251521551|1281551821221221821281221|1111111111111111111111111|1281551821231221821281551|1521881251551551251521881|1111111111111111111111111|1851221581851221581851221|1851221581851221581851221|1111111111111111111111111| |1111111111111111111111111|1281551821281551821281551|1521881251521881251521881|1111111111111111111111111|1851221581851221581851221|1851221581851221581851221|1111111111111111111111111|1521881251521881251521881|1281551221281551821281551|1111111111111111111111111|1281551231281551821281551|1521881221521881251521881|1111111111111111111111111|1851221521221221581851221|1851221551851221581851551|1111111111111111111111111|1521881251531551251521531|1281551821221221821281521|1111111111111111111111111|1281551821251221821281551|1521881251521851251521881|1111111111111111111111111|1851221581851221581851221|1851221581851221581851221|1111111111111111111111111| |1111111111111111111111111|1281551821281551821281551|1521881251521881251521881|1111111111111111111111111|1851221581851221581851221|1851221581851221581851221|1111111111111111111111111|1521881251521881251521881|1281551351281551821281551|1111111111111111111111111|1281551521281551821281551|1521881221521881251521881|1111111111111111111111111|1851221221221221581851321|1851221551851221581851521|1111111111111111111111111|1521881251551551251521531|1281551821221221821281521|1111111111111111111111111|1281551821221221821281551|1521881251551551251521881|1111111111111111111111111|1851221581851221581851221|1851221581851221581851221|1111111111111111111111111|
3b4c2228_0,|00|00| |00|00| |00|00|
3b4c2228_1,|00|00| |00|00| |00|00|
2b01abd0_0,|0000000010000000|0000000010000000|0000000010000000|0008008010000000|0002222010000000|0008008010000000|0022200010000000|0000000010000000|0000000010000000|0000000010000000|0000000010000000|0000000010000000|0000000010000000|0000000010000000| |0000000010000000|0000000010000000|0000000010000000|0008008010000000|0002222010000000|0008008010000000|0022200010000000|0000000010000000|0000000010000000|0000000010000000|0000000010000000|0000000010000000|0000000010000000|0000000010000000| |0008008010000000|0082800010000000|0000000010000000|0008228010000000|0002222010000000|0008228010000000|0082220010000000|0000000010000000|0000000010000000|0000000010000000|0000000010000000|0000000010000000|0000000010000000|0000000010000000|
21f83797_0,|0000200002000|2222222222222|0000200002000|0000200002000|0000211102000|0001211112000|0001211112000|0001211112000|0001211102000|0000200012000|2222222222222|0000200002000|0000200002000| |0000200002000|2222222222222|0000200002000|0000200002000|0001211112000|0001211112000|0001211112000|0001211112000|0001211112000|0000200002000|2222222222222|0000200002000|0000200002000| |0000200002000|2222222222222|0000200002000|0000200002000|0001211112000|0001211112000|0001211112000|0001211112000|0001211112000|0000200002000|2222222222222|0000200002000|0000200002000|
1acc24af_0,|000000000000|000000000000|011100011100|010110010100|110011110111|000000000000|000000000000|000002000000|020022000020|022020022020|002050022020|000000000000| |000000000000|000000000000|011100011100|010110010100|110011110111|000000000000|000000000000|000002000000|020052000020|022050022020|002050022020|000000000000| |000000000000|000000000000|011100011100|010110010100|110011110111|000000000000|000000000000|000002000000|020022000020|022050022020|002050022050|000000000000|
15663ba9_0,|0000000000000000|0043400434000000|0340233303000000|0300000003000000|0300000003043340|0433004334030030|0003003000043030|0434004300003030|0300000300003040|0300433200434040|0433300000300030|0000000000300030|0004330000433340|0003030000000000|0004340000000000| |0000000000000000|0043300434000000|0330233203000000|0300000003000000|0300000003043340|0433004333030030|0003003000043030|0433003300003030|0300000300003030|0300333300432030|0433400000300030|0000000000300030|0004330000433340|0003030000000000|0004340000000000| |0000000000000000|0033300434000000|0330333303000000|0300000003000000|0300000003043340|0433003334030030|0003003000033030|0433003300003030|0300000300003030|0300233300434040|0433400000300030|0000000000300030|0003330000433340|0003030000000000|0004340000000000|
0bb8deee_0,|00|00| |00|00| |00|00|
423a55dc_0,|0000000000000|0000000000000|0000000000000|2221000000000|2000700000000|0220700000000|0000777700000|0007700770000|0000000070000|0000077777000|0000000000000| |0000000000000|0000000000000|0000000000000|2707700000000|2077777000000|0000700000000|0000000700000|0007007770000|0000700070000|0000077777000|0000000000000| |0000000000000|0000000000000|0000000000000|0007700000000|7077007000000|7700770000000|0000000700000|0007707770000|0000700070000|0000077777000|0000000000000|
2697da3f_0,|00|00| |00|00| |00|00|
08573cc6_0,|0000000000000|0000000000000|5555558553000|0000000003000|0555500003000|0300051003000|0300000000000|0303800303000|0303000303000|0303555503000|0300000003000|0000000003000|0355555550000| |0000000000000|0000000000000|2222255553300|0000000003000|0553555303000|0300001003000|0300000003000|0306000003000|0300000003000|0303000506000|0300000003000|0305000505000|0355555553200| |0000000000000|0000000000000|2222229253300|0000000003000|0222229303000|0800001003000|0305000003000|0305000003000|0000000503000|0000000003000|0000000003000|0000000003200|0355555553200|
0a2355a6_0,|00000000000000000|00444400000004440|00400400444004040|00444444404004420|00004040404002020|00003333422002020|00000000000022220|00000000000020020|00000000000022220|00333322000000000|00300002000000000|00300002002222222|00111112002002002|00000000002002002|00000000002222222| |00000000000000000|00444400000004440|00400400444004040|00444444404004440|00004040404004040|00003333222002020|00000000000022220|00000000000020020|00000000000022220|00333322000000000|00300002000000000|00300002002222222|00111112002002002|00000000002002002|00000000002222222| |00000000000000000|00444400000004440|00400400444004040|00444444404004440|00004040404002020|00003222222002020|00000000000022220|00000000000020020|00000000000022220|00333333000000000|00300003000000000|00300003002222222|00111111002002002|00000000002002002|00000000002222222|
256b0a75_0,|00000013739033300000000000|00000013339033300000000090|00000013339033300000000000|00000013339033300000000000|00000033333033300000000000|00000033333073300000000000|33333381181118888331666666|33333383333338888333333666|11333388338338888333333333|13333388333338888333333333|23333381333338888383333333|33383381333338888336333333|33333383333338888333333300|33333383333338887333333000|03333380333338887333300000|03333388033318817300000000|00000033313333100000000000|00000033333333100000000000|00000033333313100000000000|00000033333313110000000000|00000031333113100000000000|00000033333113000000000000|00000033333113000000000000|00000003333113000000000000|00000003333113000000000000| |90000000900003311330000000|00000000000003311333003070|00000000031033311333003030|00009000000003310030000030|00000000000000000000000030|00000003030003001000000000|33111111331338828333666666|13333388333338811313333666|11113381338331828333333333|11133388111338811331333333|11333381113331818381133333|11183381333331818137333333|33333380333331813033333300|33333300303331817000330000|00033380303331817333300000|00330388001338817030000000|00000033343133117000000000|00000033333133117000000000|00000033333113110000000000|00000033333113110000000000|00000035333113100000000000|00000033333113100000000000|00000033333113000000000000|00000003333110000000000000|00000003333100000000000000| |00000000000001000000000000|00000000000001000000000050|00000000000001000000000000|00009000009033111000000000|00000013333133111111000000|00101011113183311100000000|33111333331333333333666666|33333381333331133133333111|11133311338331138333333333|11333388311338831331333333|11333381333331833383333333|11143333313333811338333333|33333303333331133333333300|33333300333311137000333000|00000383333331833333300000|00300388301338817030000000|00000033383133117000000000|00000033333133110000000000|00000033333133110000000000|00000033333313110000000000|00000035333313100000000000|00000033333113000000000000|00000033333113000000000000|00000003333113000000000000|00000003333103000000000000|
1da012fc_0,|0000000000000000000000000|0002200002220000000000000|0022220020202000000000000|0002200000300000000000000|0000000000000000000000000|0000000000000000000000000|0000000000000000000000000|0000003330000000000000000|0000043033000000000000000|0000003330000000555555550|0000000000000000535553550|0000000000000000555555550|0000000000000000555555550|0004000000400400555355550|0044400004444440555555550|0004000000044000555555550|0000000000000000535553550|0000000000000000555555550|0000000000000000555555550| |0000000000000000000000000|0002200002220000000000000|0022220020202000000000000|0002200000200000000000000|0000000000000000000000000|0000000000000000000000000|0000000000000000000000000|0000002240000000000000000|0000022044000000000000000|0000003330000000335555550|0000000000000000525554550|0000000000000000555555550|0000000000000000555555550|0003000000600300555855550|0033300006666320555555550|0006000000066000555555550|0000000000000000515556550|0000000000000000555555550|0000000000000000555555550| |0000000000000000000000000|0002200002220000000000000|0022220020202000000000000|0002200000200000000000000|0000000000000000000000000|0000000000000000000000000|0000000000000000000000000|0000002240000000000000000|0000022044000000000000000|0000003340000000555555550|0000000000000000525554550|0000000000000000555555550|0000000000000000555555550|0003000000300200555855550|0033300003336220555555550|0003000000036000555555550|0000000000000000535558550|0000000000000000555555550|0000000000000000555555550|
1e97544e_0,|23456789123456789123456|33456789123456789123456|34456789123456789123456|34556789123456789123456|24414134123456789123456|34512234123456789123456|34561234423456789123456|34561234433456789123456|34561634453456789123456|34567891553456789123456|34567891533456789161456|34567891234456789161456|34567891234556789161456|34567891234456789161456|34567891234456789161456|34567891234466889123456|34567891234466899123456|34567891234567891123456|34567891234567891223456|34567891234567891233456|34567891234567891234456|34567891234567891234556|34567891234567891234566| |23456789123456789123456|33456789123456789123456|34456789123456789123456|34556789123456789123456|34466789123456789123456|34461122223456789123456|34567129123456789123456|34567124443456789123456|34567121123456789123456|34567891223456789123456|34567891224456789123456|34567891234456789123456|34567891234556789123456|34567891234445789123456|34567891234563789123456|34567891234561889123456|34567891234541899123456|34567891234567891123456|34567891234567891223456|34567891234567891233456|34567891234567891234456|34567891234567891234556|34567891234567891234566| |23456789123456789123456|33456789123456789123456|34456789123456789123456|34556789123456789123456|33336111123456789123456|34456711223456789123456|34567181123456789123456|34567111123456789123456|34567111122456789123456|34567891222456789123456|34567891222456789123456|34567891234456789123456|34567891234556789123456|34567891234455789123456|34567891234455789123456|34567891234456889123456|34567891234451899123456|34567891234567891123456|34567891234567891223456|34567891234567891233456|34567891234567891234456|34567891234567891234556|34567891234567891234566|
332efdb3_0,|11111111111|10101010101|11111111111|10101010101|11111111111|10101010101|11111111111|10101010101|11111111111|10101010101|11111111111| |11111111111|10101010101|11111111111|10101010101|11111111111|10101010101|11111111111|10101010101|11111111111|10101010101|11111111111| |11111111111|10101010101|11111111111|10101010101|11111111111|10101010101|11111111111|10101010101|11111111111|10101010101|11111111111|
16b78196_0,|000000000222222000000000000000|000000000222222000000000000000|000000000022220000000000000000|000000000002222000000000000000|000002000222222000000000000000|000000000222222000000000000000|000000000022222000000000000000|000022200222222000000000000000|000000000222222000000000000000|000066610222222000000000000000|000016660222222000000000000000|000011110222220000000000000000|000021210222220000000000000000|600020200022220000000000000000|660000000022222000000000000000|666000000222222000000000000000|666600000222222200000002000000|000000000222222100000000200000|000000000022222100000020000000|000000000002222000000002000000|000000000022222000000000000000|000000000222222004000000000000|000000000222222004400000000000|000000000222222004000000000000|000000000022222000000030000000|000000000222222000003330000000|000000000222222000003330000000|000000000222220000000030000000|000000000222222000000000000000|000000000222222000000000000000| |000000000000000000000000000000|000000000000000000000000000000|000000000000000000000000000000|000000000000222000000000000000|000000000002222000000000000000|000000000000022000000000000000|000001000000022000000000000000|000000200000222000000000000000|000000100002222000000000000000|000006210000222000000000000000|000110000000222000000000000000|000010000000220000000000000000|000111000002220000000000000000|600011100000220000000000000000|660000000000222000000000000000|666000000002222000000000000000|666600000000222200000002000000|000000000000022100000000200000|000000000000222100000020000000|000000000000222200000002000000|000000000002222200030000000000|000000000000022200000000000000|000000000000002200000000000000|000000000000022000000000000000|000000000002222000000030000000|000000000000222000003330000000|000000000000222000003330000000|000000000000020000000030000000|000000000002222000000000000000|000000000002222000000000000000| |000000000000000000000000000000|000000000000002000000000000000|000000000000000000000000000000|000000000000000200000000000000|000000000222222200000000000000|000020000022222200000000000000|000000000022222200000000000000|000000200220222200000000000000|000000000222222203300000000000|000000000222222203300000000000|000000000002222203300000000000|000000000222222000300000000000|000000000222222000000000000000|600000000022222000000000000000|660000000022222200000000000000|666000000222222200000000000000|666600000222222200000000000000|000000000002222000000000000000|000000000002222000000000000000|000000400002222200000000000000|000000000022222200000000000000|000000000022222200000000000000|000000000002222200000000000000|000000000000222200000000000000|000000000002222200000030000000|000000000022222200003330000000|000000000022222200003330000000|000000000222222000000030000000|000000000022222200000000000000|000000000222222200000000000000|
0607ce86_0,|0000000000000000000000|0228320228220228230000|0288210288210288210000|0888280888880888880000|0883880888880883880000|0888810888880888880000|0000000000000000000000|0000000000000000000000|0238220220210228220000|0288210288210288210000|0888880888810888280000|0888880888880888880000|0888880818880888880000|0000000000000000000000|0000000000000000000000|0228220228220228220000|0228210288210288210000|0283880888280888880000|0888880883880880880000|0088880883880188880000|0000000000000000000000|0000000000000000000000|0000000000000000000000|0000000000000000000000| |0000000000000000000000|0228320228220328220000|0288220288220288220000|0888280888880888880000|0383880388880383880000|0388810388880388880000|0000000000000000000000|0000000000000000000000|0238220228220228220000|0288220288220288220000|0888880888810888280000|0388880388880388880000|0388180318880388880000|0000000000000000000000|0000000000000000000000|0228220228220228230000|0218220288220288220000|0283880888280888880000|0888880383880383880000|0088880383830088880000|0003000000000000000000|0000000000000000000000|0000000000000000000000|0000000000000000000000| |0000000000000000000000|0228320228220328200000|0448440448440448440000|0888480888880888880000|0383880388880383880000|0388800388880388880000|0000000000000000000000|0000000000000000000000|0238220228200228200000|0418280488820848440000|0888880888840888480000|0388880388880388880000|0388080308880388880000|0000000000000000000000|0000000000000000000000|0228220228220228200000|0428220478480448440000|0483880888480888880000|0888880383880383880000|0088880383880188880000|0000000000000000000000|0000000000000000000000|0000000000000000000000|0000000000000000000000|
136b0064_0,|00|00| |00|00| |00|00|
3979b1a8_0,|00|00| |00|00| |00|00|
0becf7df_0,|8900000000|2400044000|0002998000|0008892000|0008810000|0004220000|0009440000|0004430000|0000020000|0000000000| |8900000000|2400028000|0002228000|0002294000|0008990000|0004110000|0005330000|0004280000|0000010000|0000000000| |8900000000|2400098000|0003222000|0002494000|0008890000|0004120000|0003230000|0004310000|0000010000|0000000000|
212895b5_0,|00050000000000020000000|00500000000040200000000|00500050004442550000005|00052000005525000000000|00040200440200055000055|00044488802000000055000|00000088800000000000000|00000088800500000005000|00000000400400500050050|00505020402000050050050|00000244400505000000000|00505540500020000055050|00024440050002000000000|00204050000005200005000|52005055000050020000500|20500000000050502500005|05000000000000005200550|50005050000000500020000|00000000050000000002205|00000005000000000050220|00000000000000005000022| |00050000000000020000000|00500000000000200000000|00522250004442550000005|00052004445505000000000|00044204020000055000055|00004088800000000055000|00004488840000000000000|00000088804500000005000|00000204020000500050050|00505044000000050050050|00000404000505000000000|00505500500000000055050|00000400050000000000000|00004050000005200005000|52205055000050020000500|00500000000050502500005|05000000000000005000550|50005050000000500020000|00000000050000000002205|00000005000000000050200|00000000000000005000020| |00050000000020020000000|00500000044400000000000|00500050040202550000005|00452004445505000000000|00444204020000055000055|00004088800000000055000|00004488844000000000000|00000088800500000005000|00000204020000500050050|00505444000000050050050|02020400000505000000000|00505500500200000055050|00200000050000000000000|00000050000005000005000|50005055000050000000500|00500000000050502522005|05000000000000005200552|50005050000000500020200|00000000050000000002205|00000005000000000050200|00000000000000005000020|
319f2597_0,|45759231706942425127|91755127191740472958|91869406955581484785|02055282779610983392|19238431134630112646|14356111167395035629|77192469105852224212|29612948278250322477|42668921324580748521|32489895216812579185|13727352393272179857|16466559232460399966|86522321496940771593|37759874229500007667|69563757989500023326|28535671474495034447|78479578746850314197|45994557985880203724|16143654174780595499|29267899645870436395| |45759231786942425127|91755127191740472958|91869476955581484785|42955282779610983392|19238431134630112646|14356110167395035629|77192469155852224212|29612948278250322477|42668921324580748521|32489895216812579185|13727352393272179857|16466559232460399966|86522321496940771593|37759874229500867667|69563757989500423026|28535670474490134447|78479578746850314197|45994557985880203724|16143654174780595499|29267899645870436395| |45759231786942425127|91755127191740472958|91869476955581484785|42955282779610983392|19238431134635112646|14356111167390835629|07192469155852224212|29612948278250322477|42668921324580748521|32489895216812579185|13727352393272179857|16466559232460399966|86522321496940771593|37759874229500867667|69563757989500423326|28535670474495134447|78479578746850314197|45994557985880283724|16143654174780595499|29267899645875436395|
0d87d2a6_0,|0000010001110000000000000|0000000001110000000222200|0000000001110000000222200|0000111001110222220222200|1000111000000211110111101|0000111000000222220000000|0000000000000222220000220|0000000000000222220000220|0000000000000000000000110|0000000001100000000000000|0111110001100000000000000|1111221112211111111111111|0112220000000000000000000|0122220000000000000000000|0000000000000000000000000|0000000000000000000000000|0000022222222200000002220|0000022222222200000002220|0000022222222200022002220|0000022111111100011000000|0000022222222200000000000|0000000000000000000000000|0000010000000000000000000| |0000010001110000000000000|0000000001110000000222200|0000000001110000000222200|0000111001110222210112200|1000111000000111110112201|0000111000000111110000000|0000000000000111110000220|0000000000000111110000220|0000000000000000000000220|0000000001100000000000000|0211110001100000000000000|1211111111111111111111111|0212220000000000000000000|0222220000000000000000000|0000000000000000000000000|0000000000000000000000000|0000022222222200000002220|0000022222222200000002220|0000022222222200022002220|0000022222222200022000000|0000022222222200000000000|0000000000000000000000000|0000010000000000000000000| |0000010001110000000000000|0000000001110000000222200|0000000001110000000222200|0000111001110122220222200|1000111000000122220222201|0000111000000111110000000|0000000000000111110000220|0000000000000111110000220|0000000000000000000000220|0000000001100000000000000|0211110001100000000000000|1111111111111111111111111|0222220000000000000000000|0222220000000000000000000|0000000000000000000000000|0000000000000000000000000|0000022222222200000002220|0000022222222200000002220|0000022222222200022002220|0000022222222200022000000|0000022222222200000000000|0000000000000000000000000|0000010000000000000000000|
17cae0c1_0,|669193661|999993669|616391661| |996646931|939946999|933141199| |996646331|934196999|931941199|
3ed85e70_0,|001100000000000000000000000000|018800000000000000000000000000|008200000000081110000000000000|010100000000001118000011000000|000000000000081118000111000000|000000000000088888000111111110|000000008000000000000000084480|000000000660000000000000004400|000000000660000000088800000000|000000000000000000188810000000|000000000000000000188810000000|000006000000000000111110000000|000000000000000000000000111000|000000000000000000000000111000|000000000000000220000000111000|000000000000000220000000000000|000000000000000000000000000000|000000000000000000000000000000|000007000000000000000066100000|000000000000000000000066000000|000000000000000000000000000000|000000000000000000000000000000|333333333333333333333333333333|333883333333333333333333333333|333822333333111333333333333333|333322833333161333333314333333|333338833333111333333341333333|333333333333333333333333333333|333333333333333333333333333333|333333333333333333333333333333| |008100000000000000000000000000|008807000000000000000000000000|018200000000001110000000000000|010000000000001210000011000000|000000000000001110000011001110|000000000000000000000000080880|000000008880000000000000084480|000000000660000000000000084480|000000000660000000088800088000|000000000880000000888800000000|000000000000000000888800000000|000006000000000000000000000000|000000000000000000000000112000|000000000000000000000000111000|000000000000000220000000111000|000000000000000220000000000000|000000000000000000000000000000|000000000000000000000000000000|000007000000000000000066000000|000000000000000000000066000000|000000000000000000000000000000|000800088800888008880088888880|333333333333333333333333333333|333883333333333333333333333333|333822333333111333333333333333|333322833333161333333314333333|333338833333111333333341333333|333333333333333333333333333333|333333333333333333333333333333|333333333333333333333333333333| |008000000000000000000000000000|008800000000000000000000000000|018200000000001110000000000000|010000000000001210000011000000|000000000000001110000011000000|000000000000000000000000000000|000000008880000000000000084400|000000000660000000110000084400|000000000660000000188800088000|000000008880000000888800000000|000000000000000000888800000000|000006000000000000000000000000|000001000000000000000000111000|000000000000000000000000111000|000000000000000220000000111000|000000000000000220000000000000|000000000000000000000000000000|000000000000000000000000000000|000007000000000000000066000000|000001100000000000000066800000|000000000000000000000008800000|000000000000000000000000000000|333333333333333333333333333333|333883333333333333333333333333|333822333333111333333333333333|333322833333161333333314333333|333338833333111333333341333333|333333333333333333333333333333|333333333333333333333333333333|333333333333333333333333333333|
1c02dbbe_0,|000000010000000|066661155555110|066999952557100|009993312557700|009393692557700|055522352557700|055552252554700|055555552547700|058982555555500|015585555545500|079222555555500|075585555555500|077485555555500|075555551744330|000000000003000| |000050010000000|006655551511110|006655551511100|006665151511100|005645955511100|005654355551550|005455652553550|555555555544550|055545555555550|055555555555500|055574555553500|075175555444400|075774555544400|075774555535530|000000000003000| |000000010000000|006666555555110|006666555554110|006666155511500|004454455553500|005555555554500|055555555543500|055555555544500|056745544545500|055555555555500|055555555555500|055555555555500|075555555555500|051174555535530|000000004000000|
37d3e8b2_0,|002222200000000000|002020203333333000|002022203033003000|002222203333003000|000000003003333000|000000003333333000|002222000000000000|002002000031111110|002222000010011110|000000000011110010|000000000011110010|022222220010171110|020022220070777770|020022220077700770|022220220077700770|022222220077777770|000000000000000000| |002222200000000000|002020203333333000|002022203033003000|002222203333003000|000000003003333000|000000003333333000|002222000000000000|002002000031111110|002222000010011110|000000000011110010|000000000011110010|022222220010111110|020022220070777770|020022220077700770|022220220077700770|022222220077777770|000000000000000000| |002222200000000000|002020203333333000|002022203033003000|002222203333003000|000000003003333000|000000003333333000|002222000000000000|002002000011131130|002112000020011110|000000000022110010|000000000021110010|022222220010221170|020022220070777770|020022220077700770|022220220077700770|022222220077777770|000000000000000000|
2c737e39_0,|0000000000|0000000000|0000000000|0000000000|0000000000|0000003000|0000003000|0000000000|0000300000|0223333000|0103388000| |0000000000|0000000000|0000005000|0000000000|0000000200|0000000000|0000043000|0000444000|0000000000|0223300000|0103300000| |0000000000|0000000000|0000005000|0000000000|0000000000|0000000000|0000000000|0000000004|0000000000|0223300000|0103300000|
2c0b0aff_0,|00|00| |00|00| |00|00|
2072aba6_0,|00|00| |00|00| |00|00|
1a6449f1_0,|00|00| |00|00| |00|00|
31adaf00_0,|5010505050|5115055000|5505500550|5000000510|5011550015|1111015511|1155115510|5050505005|0550500555|0005550000| |5110505050|5115055000|5505500550|5000011500|5111550015|1111005511|1155115510|5050505005|0550500555|1005550000| |5110505050|5105055000|5505500550|5010010500|5110550015|1111005510|1155015510|5050505005|0550500555|1005550000|
1990f7a8_0,|00|00| |00|00| |00|00|
3ee1011a_0,|00|00| |00|00| |00|00|
32e9702f_0,|5666665555|5555555555|5555566555|5555555555|6665555555|5555555555|5555555555|5556666665|5555555555|5555555555| |5666665555|5555555555|5555566555|5555555555|6665555555|5555555555|5555555555|5556666665|5555555555|5555555555| |5666665555|5555555555|5555566555|5555555555|6665555555|5555555555|5555555555|5556666665|5555555555|5555555555|
184a9768_0,|00000000000000000000000000|00000000000000000000000000|00000040000400000000000000|00000000400000000000000000|00000000000000000000000000|00000000000000000000000000|00000000000000000000000000|00000008000000000000000800|00000000000000000000000000|02220000000000000000000000|02220000000000000000000000|00000000000000000000000000|00000000000000000000000000|00000000000000000000000000|00000000000000060000000000|00000001100001000000000000|00000001100001000000300000|00000001100001000000000000|00000000000000000000000000|00000000000000000000000000|00000110000000000000000000|00000110000000000002000000|00000110000000000002000000|00000000000000000000000000|00000000000000000000000000| |00000000000000000000000000|00000000000000000000000000|00040440000800000000000000|00044444444444000000000000|00044444444444000044444000|00044400000004000044844000|00000000000004000044444000|00000000000000000088888000|00000000000000000044444000|02220000000000000044444000|02220000000000000044444000|00000000000000000043344000|00000000000000000043344000|00000000000000000043344000|00000000000000000448648000|00000001100001000443648000|00000301100001000443344000|00000001100001000444444000|00000000000000000000000000|00000000000000000007000000|00000110000000000000000000|00000110000000000002000000|00000110000000000002000000|00000200000000000000000000|00000000000000000000000000| |00000000000000000000000000|00000000000000000000000000|00044440000400000000000000|00044440400000000000000000|00000000000000000000000000|00000000300000030000400000|00000000000000000000000000|00440000000007007077888000|00240000000000007000000000|02220000000000007000000000|02220000000000007000000000|00000000000000000000400000|00000000000070007000400000|00000000000070007000400000|00000000000070007007400000|00000001100001007007300000|00000001100001000000300000|00000001100001000000000000|00000000000000000000000000|00000000000000007000000000|00000110000000000000000000|00000110000000000002000000|00000110000000000002000000|00000000000000000000000000|00000000000000000000000000|
1c0d0a4b_0,|0000000000000|0022002002020|0020000002000|0000002200200|0000000000000|0020002200000|0000020200200|0200002002020|0000000000000|0000002002200|0002000200000|0202020000220|0000000000000| |0000000000000|0022002002020|0020000002000|0000002200200|0000000000000|0020002200000|0000020200200|0200002002020|0000000000000|0000002002200|0002000200000|0202020000220|0000000000000| |0000000000000|0022002002020|0020000002000|0000002200200|0000000000000|0020002200000|0000020200200|0200002002020|0000000000000|0000002002200|0002000200000|0202020000220|0000000000000|
00576224_0,|00|00| |00|00| |00|00|
2f0c5170_0,|00|00| |00|00| |00|00|
33b52de3_0,|00000000000000000000000|00000001110883011308810|02122001010101010108010|08144001010801010108080|03144000000000000000000|08131008880888011101110|08111008020801010101010|00000008020801010101010|00000000000000000000000|00000001110111043101110|00000001040101040601010|00000001040101040301020|00000000000000000000000|00000001140111044404410|00000001040101040404040|00000001040101040404040|00000000000000000000000|00000001110111014404340|00000001040101010404040|00000001040101010104040|00000000000000000000000|00000000000000000000000|00000000000000000000000| |00000000000000000000000|00000001110111011101110|02122001010101010108010|08142001010101010103010|03142000000000000000000|08131004820288011101110|08111004020401010101010|00000004020201010101010|00000000000000000000000|00000001120212033102110|00000001020202040101020|00000001040101040401010|00000000000000000000000|00000001140112044404430|00000001010102040401040|00000001040101040401040|00000000000000000000000|00000001140111014404440|00000001010101010404040|00000001010101010104040|00000000000000000000000|00000000000000000000000|00000000000000000000000| |00000000000000000000000|00000001110111011101110|01112001010101010103010|08112001010101010108010|03142000000000000000000|08131001440288011101110|08111002040201010101010|00000001040201010101010|00000000000000000000000|00000001120111044101110|00000001020101040401010|00000001010101040401010|00000000000000000000000|00000001110111011401110|00000001010101010101010|00000001010101010101010|00000000000000000000000|00000001110111014404340|00000001010101010404030|00000001010101010104040|00000000000000000000000|00000000000000000000000|00000000000000000000000|
34b99a2b_0,|00|00| |00|00| |00|00|
